City_ID,City,Lat,Lng,Max Temp,Humidity,Cloudiness,Wind Speed,Country,Date
0,albany,42.6001,-73.9662,7.97,41,1,1.79,US,1684373401
1,xinji,37.9028,115.2036,24.53,39,0,3.19,CN,1684373841
2,playa del ingles,27.7567,-15.5787,19.86,73,1,4.96,ES,1684373673
3,waitangi,-43.9535,-176.5597,15.46,92,100,1.79,NZ,1684373544
4,port-aux-francais,-49.35,70.2167,8.07,98,100,14.38,TF,1684373842
5,nagqu,31.5,92.0,3.96,52,100,2.61,CN,1684373842
6,grytviken,-54.2811,-36.5092,2.44,71,94,5.25,GS,1684373842
7,west island,-12.1568,96.8225,26.99,69,40,6.17,CC,1684373553
8,talnakh,69.4865,88.3972,-2.66,90,100,3.8,RU,1684373563
9,adamstown,-25.066,-130.1015,23.44,77,0,2.4,PN,1684373843
10,port elizabeth,-33.918,25.5701,15.16,97,100,2.57,ZA,1684373843
11,klyuchi,52.2667,79.1667,7.65,41,28,6.89,RU,1684373843
12,sinabang,2.4803,96.3801,28.41,76,76,1.16,ID,1684373843
13,kingston,17.997,-76.7936,28.53,85,20,5.66,JM,1684373547
14,acarau,-2.8856,-40.12,25.9,88,100,4.41,BR,1684373844
15,tsiroanomandidy,-18.7667,46.0333,14.79,86,3,0.9,MG,1684373844
16,thompson,55.7435,-97.8558,0.09,100,100,6.17,CA,1684373844
17,edinburgh of the seven seas,-37.0676,-12.3116,17.57,93,100,8.63,SH,1684373844
18,whakatane,-37.9585,176.9854,17.51,77,100,1.79,NZ,1684373844
19,green river,41.5286,-109.4662,19.55,47,78,4.9,US,1684373420
20,vorgashor,67.5833,63.95,2.72,93,100,4.74,RU,1684373561
21,sitka,57.0531,-135.33,15.94,59,0,3.6,US,1684373845
22,st. john's,47.5649,-52.7093,12.6,92,100,9.77,CA,1684373432
23,bedugul,-8.2847,115.1606,18.4,58,55,0.04,ID,1684373845
24,ribeira grande,38.5167,-28.7,17.65,89,68,1.79,PT,1684373845
25,stanley,54.868,-1.6985,9.88,86,0,1.54,GB,1684373845
26,wailua homesteads,22.0669,-159.378,26.24,78,75,6.17,US,1684373604
27,colonia,50.9333,6.95,8.31,75,0,1.54,DE,1684373719
28,blackmans bay,-43.0167,147.3167,10.96,70,74,3.5,AU,1684373846
29,okha,53.5739,142.9478,5.3,86,88,3.9,RU,1684373846
30,iqaluit,63.7506,-68.5145,-2.15,74,100,1.03,CA,1684373847
31,retreat,38.8245,-85.8533,18.22,75,0,3.79,US,1684373847
32,chibougamau,49.9168,-74.3659,-2.21,64,100,4.63,CA,1684373847
33,itoman,26.1247,127.6694,25.43,94,75,13.89,JP,1684373847
34,nadi,-17.8,177.4167,30.0,70,20,5.14,FJ,1684373574
35,yellowknife,62.456,-114.3525,14.29,44,0,6.17,CA,1684373847
36,enewetak,11.3474,162.3373,27.79,74,100,6.94,MH,1684373847
37,lyskovo,56.0328,45.0422,14.44,67,100,1.12,RU,1684373848
38,guanica,17.9716,-66.908,26.08,58,94,2.43,PR,1684373848
39,kitimat,54.0524,-128.6534,30.21,39,6,2.24,CA,1684373848
40,lincoln,40.8,-96.667,24.95,39,0,4.12,US,1684373388
41,ust-nera,64.5667,143.2,5.54,84,99,2.08,RU,1684373848
42,prince rupert,54.3161,-130.3201,20.05,64,0,2.06,CA,1684373849
43,puerto ayora,-0.7393,-90.3518,26.42,91,54,3.58,EC,1684373565
44,garachico,28.7781,-17.7646,18.06,73,0,7.72,ES,1684373849
45,kalevala,65.2,31.1667,9.16,74,100,5.47,RU,1684373849
46,hithadhoo,-0.6,73.0833,28.25,76,5,3.96,MV,1684373850
47,brunsbuttel,53.9,9.15,7.13,72,6,0.32,DE,1684373850
48,susuman,62.7833,148.1667,6.44,59,100,8.3,RU,1684373660
49,port alfred,-33.5906,26.891,13.99,96,100,0.45,ZA,1684373564
50,amahai,-3.3333,128.9167,30.6,76,100,3.31,ID,1684373850
51,jining,35.405,116.5814,26.94,50,60,3.78,CN,1684373850
52,isafjordur,66.0755,-23.124,6.21,86,100,2.89,IS,1684373585
53,malango,-2.9627,119.9001,25.6,74,88,1.08,ID,1684373851
54,selkirk,50.1436,-96.8845,13.04,83,82,1.34,CA,1684373626
55,bethel,41.3712,-73.414,11.38,50,0,0.45,US,1684373798
56,puerto rico,-26.796,-55.024,13.94,91,0,0.98,AR,1684373851
57,shohimardon,39.9839,71.8028,10.43,97,100,2.23,UZ,1684373852
58,san antonio de pale,-1.4014,5.6325,27.58,81,100,6.48,GQ,1684373852
59,nova sintra,14.8667,-24.7167,20.58,78,100,6.72,CV,1684373852
60,tiksi,71.6872,128.8694,-4.89,93,100,5.7,RU,1684373852
61,whitehorse,60.7161,-135.0538,26.43,13,0,3.09,CA,1684373614
62,codrington,-38.2667,141.9667,13.62,61,60,3.68,AU,1684373852
63,katsuura,35.1333,140.3,24.96,61,85,3.75,JP,1684373853
64,avarua,-21.2078,-159.775,25.03,69,52,3.09,CK,1684373853
65,kupang,-10.1667,123.5833,30.32,66,20,6.69,ID,1684373853
66,tindouf,27.6711,-8.1474,17.25,51,0,8.23,DZ,1684373853
67,puerto natales,-51.7236,-72.4875,2.67,98,100,1.16,CL,1684373853
68,sao joao da barra,-21.6403,-41.0511,19.95,77,37,5.77,BR,1684373592
69,jinghong,21.991,100.7341,29.73,47,2,0.35,CN,1684373854
70,uusikaupunki,60.8004,21.4084,5.36,78,14,7.79,FI,1684373854
71,littlefield,33.9173,-102.3249,21.02,54,87,7.81,US,1684373854
72,lebu,-37.6167,-73.65,10.45,77,100,1.46,CL,1684373643
73,mejit,10.2753,170.8646,27.57,78,99,6.63,MH,1684373634
74,tazovsky,67.4667,78.7,1.16,91,100,5.15,RU,1684373854
75,naujoji akmene,56.3167,22.9,2.82,96,98,2.65,LT,1684373854
76,marshall,34.3834,-86.3333,22.03,94,0,0.45,US,1684373855
77,bilibino,68.0546,166.4372,7.08,69,58,3.23,RU,1684373855
78,alice springs,-23.7,133.8833,17.75,32,0,8.23,AU,1684373855
79,la passe,45.5549,-0.8967,11.13,86,5,4.82,FR,1684373586
80,ascension,30.2169,-90.9001,25.03,86,0,0.0,US,1684373855
81,dwarka,22.2394,68.9678,28.26,79,6,7.04,IN,1684373855
82,portland,45.5234,-122.6762,32.32,36,20,4.12,US,1684373545
83,longyearbyen,78.2186,15.6401,-5.09,63,40,4.63,SJ,1684373856
84,zakynthos,37.7914,20.8953,12.68,82,2,1.74,GR,1684373856
85,lihue,21.9789,-159.3672,26.58,77,75,6.17,US,1684373856
86,san patricio,28.017,-97.5169,27.87,71,26,2.49,US,1684373587
87,badger,64.8,-147.5333,17.51,33,40,3.09,US,1684373769
88,al kharijah,25.4514,30.5464,25.11,40,0,8.68,EG,1684373856
89,rio gallegos,-51.6226,-69.2181,7.03,65,0,13.89,AR,1684373857
90,xiantao,30.3833,113.4,26.97,62,11,2.53,CN,1684373857
91,nemuro,43.3236,145.575,8.24,90,100,5.3,JP,1684373857
92,midvagur,62.0511,-7.1939,7.46,100,100,0.51,FO,1684373857
93,olonkinbyen,70.9221,-8.7187,0.64,98,100,6.86,SJ,1684373857
94,hamilton,39.1834,-84.5333,15.57,51,0,2.57,US,1684373565
95,zhangye,38.9342,100.4517,23.69,22,2,6.34,CN,1684373858
96,rouissat,31.9243,5.3502,24.04,41,40,2.06,DZ,1684373858
97,invercargill,-46.4,168.35,8.95,89,98,3.05,NZ,1684373073
98,loango,-4.6719,11.8312,24.38,92,100,2.16,CG,1684373858
99,prien,30.1819,-93.2738,26.01,68,20,4.12,US,1684373858
100,tolanaro,-25.0319,46.9987,16.04,94,20,0.0,MG,1684373858
101,ingeniero jacobacci,-41.3427,-69.5448,4.31,79,53,3.11,AR,1684373859
102,fale old settlement,-9.3852,-171.2468,28.69,78,100,4.53,TK,1684373859
103,jiazi,22.8779,116.067,28.09,83,23,5.62,CN,1684373859
104,bredasdorp,-34.5322,20.0403,12.57,79,100,2.48,ZA,1684373664
105,ma'rib,15.4591,45.3253,26.17,45,0,2.36,YE,1684373859
106,ypsonas,34.6884,32.9574,19.04,88,0,7.2,CY,1684373859
107,haiku-pauwela,20.9219,-156.3051,28.01,61,40,9.26,US,1684373860
108,zhezqazghan,47.7833,67.7667,9.32,81,40,2.0,KZ,1684373860
109,taro,-8.3862,115.28,23.0,62,51,1.06,ID,1684373576
110,santo antonio do sudoeste,-26.0736,-53.7253,13.07,87,0,1.44,BR,1684373860
111,sinop,41.7711,34.8709,11.73,69,15,1.83,TR,1684373860
112,sandpoint,48.2766,-116.5533,25.02,63,0,0.0,US,1684373860
113,aleksandrovsk,59.158,57.5624,12.67,35,32,2.12,RU,1684373861
114,chake chake,-5.2459,39.7666,24.58,84,6,3.35,TZ,1684373861
115,soio,-6.1349,12.3689,25.19,88,96,2.12,AO,1684373861
116,lazaro cardenas,17.9583,-102.2,27.27,74,0,2.41,MX,1684373786
117,punta arenas,-53.15,-70.9167,4.06,81,100,9.77,CL,1684373816
118,aripuana,-9.1667,-60.6333,24.38,78,20,0.36,BR,1684373862
119,charters towers,-20.1,146.2667,24.16,23,94,3.89,AU,1684373862
120,georgetown,5.4112,100.3354,28.97,79,20,3.09,MY,1684373690
121,iskateley,67.6803,53.1512,12.42,73,100,4.86,RU,1684373862
122,kapuskasing,49.4169,-82.4331,5.0,56,75,3.09,CA,1684373604
123,ushuaia,-54.8,-68.3,4.81,70,40,4.12,AR,1684373862
124,pavlovka,52.6897,47.1405,12.63,76,17,3.35,RU,1684373863
125,margaret river,-33.95,115.0667,19.05,49,9,4.7,AU,1684373863
126,kodiak,57.79,-152.4072,8.73,66,100,4.63,US,1684373863
127,cockburn town,21.4612,-71.1419,27.28,77,10,4.46,TC,1684373706
128,twon-brass,4.3151,6.2418,27.08,82,100,2.27,NG,1684373863
129,remire-montjoly,4.9167,-52.2667,24.02,100,75,0.0,GF,1684373762
130,college,64.8569,-147.8028,17.55,37,75,3.09,US,1684373864
131,saint-philippe,-21.3585,55.7679,23.77,80,5,0.98,RE,1684373864
132,mil'kovo,55.6078,37.7956,11.08,81,100,2.01,RU,1684373864
133,ferkessedougou,9.6,-5.2,25.66,77,79,1.92,CI,1684373864
134,sao vicente,-23.9631,-46.3919,20.55,26,42,1.37,BR,1684373864
135,petauke,-14.2426,31.3253,15.01,69,13,1.96,ZM,1684373864
136,port lincoln,-34.7333,135.8667,14.84,52,100,2.71,AU,1684373864
137,namibe,-15.1961,12.1522,19.91,65,9,4.71,AO,1684373865
138,tura,25.5198,90.2201,25.53,66,0,2.28,IN,1684373442
139,puerto baquerizo moreno,-0.9,-89.6,25.9,82,100,5.5,EC,1684373865
140,eldorado at santa fe,35.5264,-105.9347,16.03,68,100,9.77,US,1684373865
141,uttarkashi,30.7333,78.45,24.84,31,100,1.11,IN,1684373865
142,novodvinsk,64.4165,40.8122,14.34,73,100,2.17,RU,1684373865
143,queenstown,-31.8976,26.8753,7.01,86,88,1.19,ZA,1684373866
144,nyandoma,61.669,40.1991,12.46,67,71,3.48,RU,1684373866
145,castelo branco,39.8222,-7.4909,10.69,36,0,4.76,PT,1684373866
146,lichinga,-13.3128,35.2406,12.86,81,100,2.11,MZ,1684373866
147,port mathurin,-19.6833,63.4167,25.84,75,92,4.74,MU,1684373866
148,smithers,54.7804,-127.1743,30.18,14,20,3.09,CA,1684373866
149,utrik,11.2278,169.8474,27.37,78,20,7.39,MH,1684373866
150,vilyuysk,63.7553,121.6247,4.17,59,98,3.8,RU,1684373867
151,labytnangi,66.6572,66.4183,4.76,86,90,2.14,RU,1684373867
152,howrah,22.5892,88.3103,28.0,89,75,4.63,IN,1684373577
153,tinghir,31.5157,-5.5343,13.53,49,38,2.65,MA,1684373867
154,pimenta bueno,-11.6725,-61.1936,23.17,86,5,0.66,BR,1684373867
155,kailua-kona,19.6406,-155.9956,28.98,79,40,5.14,US,1684373643
156,borzya,50.3833,116.5167,17.5,18,100,5.32,RU,1684373868
157,lionel town,17.8101,-77.2406,28.94,83,42,2.19,JM,1684373868
158,ilulissat,69.2167,-51.1,1.01,80,100,2.06,GL,1684373868
159,papatowai,-46.5619,169.4708,9.28,93,100,3.49,NZ,1684373868
160,lodja,-3.4833,23.4333,21.31,95,81,0.55,CD,1684373868
161,coxim,-18.5067,-54.76,17.86,57,1,2.15,BR,1684373628
162,guerrero negro,27.9769,-114.0611,15.85,81,0,7.61,MX,1684373738
163,rakops,-21.0167,24.3333,16.25,71,70,2.88,BW,1684373869
164,axim,4.8699,-2.2405,26.99,84,100,2.57,GH,1684373869
165,xifeng,42.7372,124.7222,20.07,37,0,1.39,CN,1684373869
166,ambovombe,-25.1667,46.0833,17.8,85,3,1.24,MG,1684373869
167,djibouti,11.5,42.5,26.35,79,56,5.8,DJ,1684373869
168,coron,11.9986,120.2043,31.86,62,100,0.96,PH,1684373870
169,arraial do cabo,-22.9661,-42.0278,21.49,70,80,6.61,BR,1684373870
170,acapulco de juarez,16.8634,-99.8901,29.9,74,75,3.09,MX,1684373870
171,uturoa,-16.7333,-151.4333,27.83,76,9,4.42,PF,1684373870
172,asau,46.4333,26.4,13.49,89,100,1.42,RO,1684373870
173,muborak,39.2553,65.1528,18.06,47,2,2.55,UZ,1684373870
174,nogliki,51.8333,143.1667,5.12,86,56,3.77,RU,1684373870
175,weno,7.4515,151.8468,27.97,89,100,3.09,FM,1684373871
176,udachny,66.4167,112.4,1.36,59,100,5.16,RU,1684373871
177,wamba,8.9333,8.6,22.45,92,100,2.85,NG,1684373871
178,aasiaat,68.7098,-52.8699,-7.05,93,36,2.47,GL,1684373871
179,saipan,15.1355,145.701,29.8,100,20,6.69,MP,1684373432
180,skowhegan,44.7651,-69.7192,4.31,70,2,3.11,US,1684373871
181,hotan,37.0997,79.9269,27.05,9,8,1.89,CN,1684373872
182,ujae,8.9322,165.7642,27.74,80,97,7.18,MH,1684373872
183,hermanus,-34.4187,19.2345,11.56,71,100,3.91,ZA,1684373872
184,greymouth,-42.4667,171.2,11.76,92,100,3.13,NZ,1684373872
185,olinda,-8.0089,-34.8553,24.85,83,20,1.03,BR,1684373872
186,abeche,13.8292,20.8324,30.76,16,99,2.95,TD,1684373872
187,sur,22.5667,59.5289,31.11,55,0,4.67,OM,1684373662
188,hanceville,34.0607,-86.7675,21.2,93,100,2.22,US,1684373873
189,tanda,26.55,82.65,30.72,52,18,5.28,IN,1684373658
190,nacala,-14.5428,40.6728,20.97,95,45,2.2,MZ,1684373873
191,zira,30.9685,74.9911,29.85,34,94,4.21,IN,1684373873
192,singerei,47.6667,28.1667,13.69,73,100,1.42,MD,1684373873
193,tongren,27.7172,109.1853,27.8,66,91,1.35,CN,1684373873
194,piacabucu,-10.4056,-36.4344,24.92,84,68,1.8,BR,1684373874
195,revda,56.801,59.9303,8.62,51,2,3.39,RU,1684373643
196,vranje,42.5514,21.9003,11.38,94,99,1.82,RS,1684373874
197,aquidauana,-20.4711,-55.7872,17.74,62,100,2.6,BR,1684373868
198,lubao,14.9167,120.55,31.84,60,98,0.92,PH,1684373874
199,kirensk,57.7853,108.1119,9.22,65,100,3.18,RU,1684373874
200,tazacorte,28.629,-17.9293,19.54,81,0,7.72,ES,1684373875
201,union,40.6334,-74.2663,14.41,33,0,6.69,US,1684373814
202,el colomo,19.05,-104.25,26.26,71,0,2.53,MX,1684373875
203,hajin,34.6927,40.827,25.92,21,39,5.66,SY,1684373875
204,kathmandu,27.7167,85.3167,16.12,88,75,2.06,NP,1684373472
205,montepuez,-13.1256,38.9997,16.55,98,79,0.77,MZ,1684373875
206,taybad,34.74,60.7756,15.88,53,66,1.52,IR,1684373632
207,flying fish cove,-10.4217,105.6791,26.82,78,75,3.09,CX,1684373613
208,bonthe,7.5264,-12.505,27.03,84,100,2.78,SL,1684373582
209,farkhor,37.4922,69.4036,18.06,72,90,1.04,TJ,1684373698
210,richards bay,-28.783,32.0377,17.34,85,100,2.6,ZA,1684373876
211,mutsu,41.2894,141.2169,22.05,51,100,5.46,JP,1684373876
212,keflavik,64.0049,-22.5624,8.95,93,100,7.72,IS,1684373876
213,shetpe,44.1667,52.1167,14.54,77,69,4.48,KZ,1684373876
214,yerofey pavlovich,53.9667,121.9667,13.51,34,12,1.91,RU,1684373877
215,berezovyy,51.6667,135.7,14.99,50,98,1.81,RU,1684373877
216,klaksvik,62.2266,-6.589,7.51,88,83,3.1,FO,1684373877
217,cabo san lucas,22.8909,-109.9124,28.61,66,100,7.15,MX,1684373877
218,mariental,-24.6333,17.9667,14.12,38,0,3.2,NA,1684373649
219,san javier,37.8063,-0.8374,18.88,67,100,3.58,ES,1684373877
220,lompoc,34.6391,-120.4579,24.08,85,100,4.63,US,1684373877
221,mahibadhoo,3.7833,72.9667,28.35,77,86,1.5,MV,1684373878
222,uchiza,-8.4592,-76.4633,23.14,81,99,1.08,PE,1684373878
223,quellon,-43.1167,-73.6167,8.14,87,40,2.57,CL,1684373878
224,los andes,-32.8337,-70.5983,13.34,73,4,0.61,CL,1684373595
225,nema,57.5067,50.5011,12.95,74,88,2.07,RU,1684373878
226,elk city,35.412,-99.4043,23.12,64,0,3.6,US,1684373878
227,khorugh,37.4897,71.553,10.67,88,100,1.66,TJ,1684373879
228,salym,60.0625,71.4789,7.21,52,0,1.48,RU,1684373879
229,aoulef,26.9667,1.0833,28.44,13,67,3.33,DZ,1684373879
230,brookings,44.3114,-96.7984,21.7,36,0,4.12,US,1684373858
231,tucuma,-0.1833,-50.05,24.83,93,100,1.86,BR,1684373879
232,hawaiian paradise park,19.5933,-154.9731,23.73,84,100,0.0,US,1684373879
233,bemidji,47.4736,-94.8803,20.1,54,0,7.2,US,1684373692
234,labrador city,52.9463,-66.9114,-1.05,59,100,3.6,CA,1684373880
235,mount gambier,-37.8333,140.7667,13.83,52,59,2.97,AU,1684373701
236,rock springs,41.5875,-109.2029,18.46,37,40,7.2,US,1684373880
237,rio grande,-32.035,-52.0986,17.4,89,18,6.36,BR,1684373880
238,pipri,19.8,75.5333,27.32,61,20,0.0,IN,1684373880
239,balabac,7.9868,117.0645,29.84,69,99,2.78,PH,1684373881
240,fort bragg,35.139,-79.006,22.91,59,0,1.54,US,1684373871
241,bikenibeu village,1.3673,173.1241,30.98,74,20,3.6,KI,1684373593
242,tommot,58.9564,126.2925,7.68,80,22,1.75,RU,1684373657
243,an muileann gcearr,53.5333,-7.35,9.26,97,100,2.49,IE,1684373641
244,zonguldak,41.25,31.8333,10.81,97,65,0.8,TR,1684373737
245,nyagan,62.1406,65.3936,11.86,47,8,3.56,RU,1684373881
246,nar'yan-mar,67.6713,53.087,12.5,72,100,4.89,RU,1684373882
247,port alberni,49.2413,-124.8028,29.93,50,0,2.68,CA,1684373882
248,jacmel,18.2342,-72.5347,28.91,82,30,0.7,HT,1684373882
249,yazd,31.8972,54.3675,19.06,18,0,2.06,IR,1684373882
250,egilsstadir,65.2653,-14.3948,6.95,87,0,1.03,IS,1684373882
251,tingi,-11.3,35.0333,15.35,89,100,1.1,TZ,1684373883
252,salvaleon de higuey,18.615,-68.708,24.39,88,63,1.37,DO,1684373883
253,sokcho,38.2083,128.5911,23.34,60,0,1.03,KR,1684373883
254,homa bay,-0.5273,34.4571,18.83,84,50,1.21,KE,1684373883
255,pangody,65.85,74.4859,1.85,82,100,5.64,RU,1684373883
256,chonchi,-42.6128,-73.8092,6.73,90,5,1.39,CL,1684373884
257,istgah-e rah ahan-e garmsar,35.2346,52.3094,19.62,22,6,0.58,IR,1684373884
258,newman,37.3138,-121.0208,34.13,63,11,2.24,US,1684373884
259,at taj,24.2049,23.2857,20.95,19,0,5.02,LY,1684373884
260,mawlamyinegyunn,16.3833,95.2667,30.08,61,11,4.87,MM,1684373884
261,klein schwulper,52.3415,10.429,4.62,86,0,0.0,DE,1684373884
262,new haven,41.4001,-72.9329,11.36,47,0,3.6,US,1684373786
263,ringim,12.1548,9.1619,27.17,55,100,6.9,NG,1684373885
264,cascais,38.6979,-9.4215,19.64,48,0,4.02,PT,1684373885
265,pisco,-13.7,-76.2167,21.03,78,0,7.2,PE,1684373885
266,balsas,-7.5325,-46.0356,25.22,86,100,1.27,BR,1684373885
267,constantia,44.1833,28.65,12.61,85,100,4.94,RO,1684373886
268,esmeraldas,-19.7625,-44.3139,17.58,80,0,1.73,BR,1684373886
269,isna,25.2934,32.554,28.01,24,0,6.58,EG,1684373886
270,new norfolk,-42.7826,147.0587,11.62,64,98,0.45,AU,1684373849
271,naze,28.3667,129.4833,21.51,95,100,11.0,JP,1684373886
272,khanty-mansiysk,61.0042,69.0019,5.06,65,0,2.0,RU,1684373886
273,dudinka,69.4058,86.1778,-2.43,94,100,5.58,RU,1684373887
274,pacific grove,36.6177,-121.9166,22.36,86,75,4.47,US,1684373887
275,sauri,11.7266,6.7837,23.78,79,100,7.04,NG,1684373887
276,panaba,21.2833,-88.2667,25.54,77,6,3.76,MX,1684373887
277,okinawa,26.3358,127.8014,24.77,98,100,8.75,JP,1684373400
278,samana,19.2056,-69.3369,25.03,89,100,0.42,DO,1684373888
279,bamboo flat,11.7,92.7167,29.34,70,13,2.49,IN,1684373888
280,carnarvon,-24.8667,113.6333,23.81,43,0,1.89,AU,1684373888
281,dryden,49.7833,-92.7503,17.16,42,100,5.14,CA,1684373888
282,lewistown,40.5992,-77.5714,12.67,35,0,4.12,US,1684373888
283,evergreen,39.6333,-105.3172,18.96,58,88,1.34,US,1684373889
284,north battleford,52.7834,-108.2847,10.05,57,100,7.72,CA,1684373889
285,grants,35.1473,-107.8514,16.13,48,100,4.63,US,1684373889
286,salalah,17.0151,54.0924,29.05,84,20,1.54,OM,1684373889
287,kataysk,56.289,62.5841,8.93,52,95,4.75,RU,1684373889
288,male,4.1748,73.5089,27.97,89,40,0.51,MV,1684373890
289,fort st. john,56.2499,-120.8529,20.94,26,100,2.57,CA,1684373806
290,starotitarovskaya,45.2136,37.1439,13.26,74,0,8.17,RU,1684373890
291,saudarkrokur,65.7461,-19.6394,7.58,79,98,1.4,IS,1684373890
292,crucecita,-28.95,-58.9833,16.78,79,3,3.75,AR,1684373890
293,petropavlovsk-kamchatsky,53.0452,158.6483,5.93,75,98,5.86,RU,1684373890
294,severo-yeniseyskiy,60.3725,93.0408,2.05,86,10,3.18,RU,1684373891
295,puerto quijarro,-17.7833,-57.7667,20.72,63,0,0.59,BO,1684373891
296,faya-largeau,17.9257,19.1043,31.84,20,0,9.48,TD,1684373891
297,parauapebas,-6.0675,-49.9022,23.84,89,100,0.59,BR,1684373891
298,mandalgovi,45.7625,106.2708,16.97,14,0,4.96,MN,1684373891
299,san sebastian de la gomera,28.0916,-17.1133,20.21,63,20,3.09,ES,1684373892
300,tatarsk,55.219,75.9828,5.78,47,65,4.06,RU,1684373892
301,ravar,31.2656,56.8055,21.8,17,86,1.55,IR,1684373892
302,diego de almagro,-26.3667,-70.05,15.29,47,0,0.3,CL,1684373892
303,al artawiyah,26.5053,45.3444,29.04,22,13,5.63,SA,1684373892
304,santona,43.4439,-3.4576,15.6,81,9,2.84,ES,1684373892
305,vila franca do campo,37.7167,-25.4333,19.23,93,100,3.01,PT,1684373893
306,kilinochchi,9.3961,80.3982,28.01,85,27,3.48,LK,1684373893
307,fangshan,39.6983,115.9925,24.52,27,0,2.67,CN,1684373893
308,enriquillo,17.9,-71.2333,25.87,88,33,2.53,DO,1684373893
309,kurchatov,51.6601,35.6521,8.23,78,19,1.75,RU,1684373893
310,lorengau,-2.0226,147.2712,28.08,82,100,3.12,PG,1684373893
311,nur-sultan,51.1801,71.446,7.97,46,40,7.0,KZ,1684373894
312,pandan,14.0453,124.1694,31.11,67,100,1.17,PH,1684373894
313,olingan,8.5314,123.3194,31.21,61,26,1.68,PH,1684373894
314,lerwick,60.1545,-1.1494,9.0,98,100,5.5,GB,1684373637
315,nuku'alofa,-21.1333,-175.2,27.19,69,40,6.17,TO,1684373895
316,saint-paul,-21.0096,55.2707,24.44,89,0,2.05,RE,1684373895
317,buka,40.8108,69.1986,16.06,78,80,1.49,UZ,1684373895
318,polyarnyy,69.1989,33.4478,4.44,97,100,5.9,RU,1684373895
319,huarmey,-10.0681,-78.1522,22.7,82,88,4.71,PE,1684373622
320,kulhudhuffushi,6.6221,73.07,28.68,78,15,1.65,MV,1684373896
321,wanxian,30.8039,108.3897,26.71,66,100,0.36,CN,1684373896
322,nebraska city,40.6767,-95.8592,22.91,43,0,1.54,US,1684373896
323,boende,-0.2167,20.8667,20.62,99,100,0.15,CD,1684373896
324,arteche,12.2645,125.4048,30.88,65,100,2.53,PH,1684373896
325,edd,13.9297,41.6925,32.88,54,73,6.75,ER,1684373897
326,walvis bay,-22.9575,14.5053,12.83,94,0,1.54,NA,1684373648
327,yuzhno-kurilsk,44.0306,145.8556,9.3,84,100,4.05,RU,1684373897
328,hopelchen,19.7667,-89.85,23.71,82,5,1.33,MX,1684373897
329,tual,-5.6667,132.75,27.91,77,96,9.29,ID,1684373897
330,gueugnon,46.6036,4.0629,7.88,76,67,2.09,FR,1684373897
331,kavaratti,10.5669,72.642,29.58,68,81,4.89,IN,1684373606
332,forrest city,35.0081,-90.7898,19.14,79,80,3.0,US,1684373898
333,kone,-21.0595,164.8658,24.75,72,88,2.54,NC,1684373653
334,atafu village,-8.5421,-172.5159,29.14,76,100,4.65,TK,1684373898
335,posto fiscal rolim de moura,-13.0833,-62.2667,23.55,85,6,0.74,BR,1684373898
336,quirinopolis,-18.4483,-50.4517,15.84,52,0,0.93,BR,1684373893
337,santiago tangamandapio,19.95,-102.4333,20.42,46,45,2.48,MX,1684373899
338,adrar,20.5022,-10.0711,28.07,24,3,6.02,MR,1684373899
339,gadzhiyevo,69.2551,33.3362,4.25,97,100,6.3,RU,1684373899
340,belozersk,60.0326,37.7957,12.79,75,100,4.67,RU,1684373899
341,varadero,23.1536,-81.2514,24.42,74,22,1.77,CU,1684373635
342,huilong,31.8111,121.655,21.3,86,99,4.6,CN,1684373900
343,cambridge,43.3601,-80.3127,7.55,56,0,3.6,CA,1684373731
344,humberto de campos,-2.5983,-43.4611,24.68,94,100,2.19,BR,1684373721
345,kristiansund,63.1115,7.732,3.36,87,75,1.03,NO,1684373900
346,zouerate,22.7187,-12.4521,22.29,31,2,8.46,MR,1684373900
347,krasnokamensk,50.0979,118.0369,17.41,16,100,6.07,RU,1684373900
348,ciudad lazaro cardenas,17.9583,-102.2,27.27,74,0,2.41,MX,1684373887
349,xining,36.6167,101.7667,14.83,40,0,0.52,CN,1684373901
350,anadyr,64.75,177.4833,6.28,52,0,1.0,RU,1684373901
351,"laikit, laikit ii (dimembe)",1.4792,124.9735,27.47,79,20,0.51,ID,1684373901
352,aitape,-3.1374,142.3475,27.57,74,100,0.75,PG,1684373902
353,aksu,41.1231,80.2644,25.15,20,53,2.66,CN,1684373902
354,la ronge,55.1001,-105.2842,7.14,57,100,6.17,CA,1684373902
355,qui nhon,13.7667,109.2333,32.32,60,100,2.41,VN,1684373902
356,qaqortoq,60.7167,-46.0333,1.2,99,100,2.92,GL,1684373902
357,jamestown,42.097,-79.2353,5.8,45,0,1.54,US,1684373692
358,tavda,58.0425,65.2726,9.79,43,2,2.38,RU,1684373903
359,karachev,53.1229,34.9852,11.49,85,41,1.98,RU,1684373903
360,new kingman-butler,35.265,-114.0323,31.51,19,0,9.26,US,1684373903
361,rusape,-18.5278,32.1284,12.51,92,16,2.53,ZW,1684373903
362,inirida,3.8653,-67.9239,24.27,95,99,0.97,CO,1684373903
363,zhalantun,48.0,122.7167,21.12,14,0,5.09,CN,1684373904
364,minas de marcona,-15.2119,-75.1103,14.7,85,59,5.3,PE,1684373904
365,hasaki,35.7333,140.8333,31.27,67,71,2.63,JP,1684373904
366,ocean city,39.2776,-74.5746,13.88,69,0,2.7,US,1684373904
367,ola,59.5833,151.2833,5.08,84,100,3.67,RU,1684373904
368,srednebelaya,50.6594,128.0106,15.66,31,1,3.61,RU,1684373904
369,degache,33.9761,8.2081,21.18,52,20,7.72,TN,1684373905
370,sidi akkacha,36.4647,1.3026,17.16,85,100,6.69,DZ,1684373905
371,kavieng,-2.5744,150.7967,26.56,85,97,3.45,PG,1684373905
372,san lawrenz,36.0553,14.204,16.59,85,99,0.45,MT,1684373906
373,munkebo,55.4618,10.5558,7.68,85,8,4.82,DK,1684373906
374,ridder,50.355,83.5133,7.83,53,3,2.27,KZ,1684373906
375,dazhou,31.2159,107.5009,22.36,79,100,1.26,CN,1684373906
376,afaahiti,-17.75,-149.2833,29.93,80,28,3.5,PF,1684373906
377,goseong,34.9763,128.3236,20.02,90,100,2.25,KR,1684373907
378,popondetta,-8.7537,148.2534,30.96,64,77,1.22,PG,1684373907
379,puerto armuelles,8.2833,-82.8667,26.99,85,64,2.74,PA,1684373907
380,haymana,39.4321,32.4973,9.37,80,0,0.64,TR,1684373907
381,praia,14.9215,-23.5087,22.69,80,34,6.42,CV,1684373384
382,dhidhdhoo,6.8833,73.1,28.85,76,22,2.61,MV,1684373908
383,chandler,33.3062,-111.8412,36.82,19,40,5.14,US,1684373483
384,lamarque,-39.423,-65.7021,15.14,40,95,6.53,AR,1684373908
385,motueka,-41.1333,173.0167,17.28,73,100,1.31,NZ,1684373908
386,princeton,25.5384,-80.4089,28.01,77,0,4.12,US,1684373908
387,vallenar,-28.5708,-70.7581,15.08,63,0,0.4,CL,1684373909
388,mogocha,53.7333,119.7667,14.59,28,16,2.79,RU,1684373909
389,karangampel,-6.4622,108.4519,28.45,63,39,2.66,ID,1684373909
390,sovetskiy,61.3614,63.5842,11.95,45,13,3.36,RU,1684373909
391,mount pearl,47.5166,-52.7813,12.14,92,100,9.77,CA,1684373909
392,touros,-5.1989,-35.4608,25.1,90,86,3.38,BR,1684373909
393,maler kotla,30.5167,75.8833,29.82,33,100,3.58,IN,1684373910
394,olavarria,-36.8927,-60.3225,15.43,96,100,2.07,AR,1684373910
395,riyadh,24.6877,46.7219,30.08,28,24,4.86,SA,1684373836
396,ngala,12.3377,14.1805,29.48,55,100,5.88,NG,1684373910
397,pundong,-7.9522,110.3486,27.12,69,61,2.7,ID,1684373910
398,acajutla,13.5928,-89.8275,28.27,79,49,2.24,SV,1684373910
399,tralee,52.2704,-9.7026,8.19,95,100,2.19,IE,1684373911
400,port douglas,-16.4833,145.4667,24.9,70,63,5.04,AU,1684373911
401,sastre,-31.7676,-61.8289,19.45,59,21,2.18,AR,1684373911
402,kapa'a,22.0752,-159.319,26.99,78,75,6.17,US,1684373911
403,saint james,13.2167,-59.6167,26.25,71,10,6.65,BB,1684373911
404,lawton,34.6087,-98.3903,24.13,69,0,4.02,US,1684373912
405,mirnyy,62.5353,113.9611,2.91,86,100,4.02,RU,1684373808
406,kuanda,56.3161,116.0806,6.08,76,100,1.41,RU,1684373912
407,burley,42.5357,-113.7928,21.98,40,0,5.14,US,1684373912
408,harrai,22.6167,79.2167,32.77,24,20,6.58,IN,1684373912
409,barra de santo antonio,-9.4047,-35.5072,24.6,80,94,2.09,BR,1684373639
410,mankono,8.0586,-6.1897,24.02,83,13,2.38,CI,1684373913
411,juegang,32.3174,121.1855,21.41,82,88,5.13,CN,1684373913
412,beira,-19.8436,34.8389,20.62,92,100,3.1,MZ,1684373913
413,megion,61.0296,76.1136,2.01,62,14,0.89,RU,1684373913
414,carutapera,-1.195,-46.02,25.03,93,100,2.6,BR,1684373913
415,cabugao,17.7931,120.4578,31.05,55,76,3.26,PH,1684373913
416,brisas de zicatela,15.8369,-97.0419,30.29,70,40,3.09,MX,1684373913
417,tieling,42.2931,123.8414,20.6,36,0,2.23,CN,1684373914
418,aktau,43.65,51.2,14.32,82,100,6.07,KZ,1684373914
419,ketchikan,55.3422,-131.6461,25.26,33,0,3.09,US,1684373914
420,rutland,43.6167,-73.0162,3.14,65,5,0.45,US,1684373681
421,imbituba,-28.24,-48.6703,16.34,87,17,3.0,BR,1684373914
422,papao,-17.75,-149.55,30.82,75,41,1.79,PF,1684373914
423,antsiranana,-12.2787,49.2917,24.88,83,89,2.45,MG,1684373915
424,ternate,0.8,127.4,26.91,80,100,1.62,ID,1684373915
425,tanjung pandan,-2.75,107.65,28.4,78,89,2.43,ID,1684373915
426,darwin,-12.4611,130.8418,28.27,35,0,5.14,AU,1684373829
427,port macquarie,-31.4333,152.9167,19.38,60,19,5.82,AU,1684373915
428,tyukhtet,56.5389,89.3011,4.53,77,95,4.54,RU,1684373915
429,okigwe,5.8352,7.3599,23.48,96,100,2.12,NG,1684373916
430,dakhla,23.6848,-15.958,17.93,86,0,10.74,EH,1684373921
431,port augusta,-32.5,137.7667,15.17,42,0,5.81,AU,1684373921
432,international falls,48.6011,-93.411,21.1,37,100,3.6,US,1684373921
433,filingue,14.3521,3.3168,32.41,22,45,1.49,NE,1684373921
434,ballina,-28.8667,153.5667,19.32,58,9,4.46,AU,1684373921
435,isla mujeres,21.2311,-86.731,28.03,77,51,3.2,MX,1684373922
436,castillos,-34.1667,-53.8333,14.39,94,7,3.93,UY,1684373922
437,okhotsk,59.3833,143.3,0.98,100,100,4.04,RU,1684373922
438,illapel,-31.6308,-71.1653,14.25,83,0,0.83,CL,1684373922
439,veraval,20.9,70.3667,28.28,78,3,5.09,IN,1684373922
440,tahe,52.3333,124.7333,17.78,25,64,0.22,CN,1684373922
441,port saint john's,-31.6229,29.5448,17.75,76,56,2.46,ZA,1684373923
442,kaa-khem,51.6833,94.7333,5.55,34,40,7.93,RU,1684373923
443,meizhou,24.2977,116.1072,30.17,70,42,2.32,CN,1684373923
444,las khorey,11.1595,48.1967,30.6,73,94,0.49,SO,1684373923
445,holualoa,19.6228,-155.9522,26.91,79,40,5.14,US,1684373923
446,crane,31.3974,-102.3501,25.11,46,19,6.3,US,1684373923
447,berdigestyakh,62.0989,126.6992,7.76,69,37,3.47,RU,1684373924
448,villa garcia,22.1667,-101.95,23.06,22,67,5.64,MX,1684373924
449,labasa,-16.4167,179.3833,27.77,81,78,3.36,FJ,1684373924
450,bardai,11.65,7.2333,23.57,77,100,7.0,NG,1684373924
451,sao gabriel da cachoeira,-0.1303,-67.0892,24.55,90,99,0.47,BR,1684373924
452,korla,41.7597,86.1469,23.99,29,0,4.36,CN,1684373924
453,dickinson,29.4608,-95.0513,28.06,80,40,3.6,US,1684373924
454,moroni,-11.7022,43.2551,24.77,79,45,3.19,KM,1684373925
455,pitimbu,-7.4706,-34.8086,26.33,84,69,2.95,BR,1684373925
456,mokrous,51.2333,47.5167,13.66,71,21,4.83,RU,1684373925
457,inarajan village,13.2736,144.7484,32.54,81,97,7.33,GU,1684373925
458,ataq,14.5377,46.8319,22.49,65,3,3.74,YE,1684373925
459,nouadhibou,20.931,-17.0347,19.99,73,0,9.26,MR,1684373925
460,mermoz boabab,14.7065,-17.4758,22.54,86,10,8.29,SN,1684373886
461,lagoa,39.05,-27.9833,17.32,95,61,4.12,PT,1684373926
462,salinopolis,-0.6136,-47.3561,25.5,90,100,3.75,BR,1684373721
463,howard springs,-12.497,131.047,28.23,39,15,4.72,AU,1684373926
464,kismayo,-0.3582,42.5454,26.24,82,100,4.89,SO,1684373926
465,az zawr,29.4425,48.2747,31.83,58,95,1.21,KW,1684373926
466,hirara,24.8,125.2833,27.92,89,75,7.72,JP,1684373927
467,puerto aysen,-45.4,-72.7,7.13,94,93,2.44,CL,1684373363
468,lutsk,50.7593,25.3424,13.88,92,100,1.79,UA,1684373727
469,kuruman,-27.4524,23.4325,11.94,52,0,3.58,ZA,1684373927
470,yeppoon,-23.1333,150.7333,22.88,42,1,2.51,AU,1684373927
471,happy valley-goose bay,53.3168,-60.3315,2.17,93,75,3.09,CA,1684373927
472,sabya,17.1495,42.6254,32.79,38,77,2.23,SA,1684373927
473,east ballina,-28.8667,153.5833,19.33,59,12,4.77,AU,1684373928
474,marsh harbour,26.5412,-77.0636,26.41,74,55,1.85,BS,1684373928
475,nalut,30.3333,10.85,21.13,17,0,7.29,LY,1684373928
476,cill airne,52.05,-9.5167,7.77,95,100,1.62,IE,1684373928
477,mek'ele,13.4967,39.4753,19.18,62,6,2.63,ET,1684373928
478,lucas,41.6501,-83.6666,11.32,51,0,4.12,US,1684373816
479,khanpur mahar,27.8436,69.4137,30.12,59,0,5.37,PK,1684373929
480,gilgit,35.9221,74.3087,18.83,54,100,0.63,PK,1684373929
481,mount isa,-20.7333,139.5,22.87,25,0,6.69,AU,1684373929
482,coronel du graty,-27.6804,-60.9146,19.41,53,0,4.97,AR,1684373929
483,mtwara,-10.2667,40.1833,21.01,91,58,3.57,TZ,1684373929
484,tosontsengel,48.7567,98.2839,2.41,43,99,7.89,MN,1684373929
485,pemba,-12.974,40.5178,23.81,80,82,2.06,MZ,1684373930
486,rongelap,11.1635,166.8941,27.4,78,100,7.48,MH,1684373930
487,enterprise,36.0252,-115.2419,32.48,20,75,5.66,US,1684373762
488,thinadhoo,0.5333,72.9333,28.24,77,68,3.66,MV,1684373930
489,narvik,68.4384,17.4272,4.1,85,100,2.84,NO,1684373930
490,waiuku,-37.25,174.75,17.4,81,100,4.43,NZ,1684373930
491,prado,-17.3411,-39.2208,22.95,73,28,4.24,BR,1684373930
492,santander,43.4647,-3.8044,15.26,87,100,4.92,ES,1684373713
493,lampang,18.3333,99.5,31.55,60,0,1.03,TH,1684373931
494,ust'-ilimsk,58.0006,102.6619,2.42,99,100,1.85,RU,1684373726
495,kimbe,-5.5502,150.1429,29.05,82,84,1.41,PG,1684373931
496,mahanoro,-19.9,48.8,21.56,92,5,2.34,MG,1684373931
497,tra vinh,9.9347,106.3453,32.97,57,97,4.28,VN,1684373931
498,skikda,36.8762,6.9092,14.24,88,100,2.37,DZ,1684373931
499,juan griego,11.0817,-63.9655,27.07,83,73,6.17,VE,1684373932
500,newcastle,-32.9272,151.7765,17.83,70,75,4.63,AU,1684373932
501,ta`u,-14.2336,-169.5144,26.34,87,100,7.66,AS,1684373932
502,sagua la grande,22.8067,-80.0756,23.55,80,34,1.27,CU,1684373932
503,nova xavantina,-14.6667,-52.35,20.62,63,0,1.2,BR,1684373932
504,portrush,55.1959,-6.6493,9.69,83,100,3.14,GB,1684373932
505,hami,42.8,93.45,24.55,18,0,2.14,CN,1684373932
506,ipilan,8.8431,117.9033,30.36,65,92,1.32,PH,1684373933
507,jodhpur,26.2867,73.03,28.45,66,0,5.96,IN,1684373933
508,dapa,9.7594,126.0531,29.13,70,53,1.0,PH,1684373933
509,el calafate,-50.3408,-72.2768,5.0,84,100,5.81,AR,1684373933
510,tinajo,29.0788,-13.7081,18.49,72,75,6.69,ES,1684373933
511,kamina,-8.7386,24.9906,19.08,74,22,1.29,CD,1684373933
512,yoakum,29.2878,-97.1519,27.08,71,5,2.17,US,1684373934
513,bontang,0.1333,117.5,29.36,67,67,1.72,ID,1684373722
514,altay,47.8667,88.1167,11.99,45,0,1.46,CN,1684373934
515,tamanrasset,22.785,5.5228,20.95,10,0,2.06,DZ,1684373934
516,khandyga,62.6667,135.6,7.06,65,100,4.52,RU,1684373934
517,saldanha,-33.0117,17.9442,9.03,70,62,8.77,ZA,1684373934
518,christchurch,-43.5333,172.6333,14.41,92,75,2.57,NZ,1684373580
519,karratha,-20.7377,116.8463,26.42,30,0,9.82,AU,1684373935
520,recklinghausen,51.6167,7.2,7.11,76,6,2.68,DE,1684373935
521,chaman,30.9236,66.4512,22.12,17,0,2.8,PK,1684373935
522,iquique,-20.2208,-70.1431,19.02,78,43,1.54,CL,1684373935
523,namdrik,5.5994,168.1028,28.39,78,14,6.25,MH,1684373935
524,nyrob,60.733,56.7202,12.65,67,23,2.11,RU,1684373936
525,east london,-33.0153,27.9116,16.93,82,92,6.27,ZA,1684373638
526,marsabit,2.3284,37.9899,17.26,89,92,7.58,KE,1684373936
527,necochea,-38.5473,-58.7368,15.84,94,100,3.06,AR,1684373936
528,haciqabul,40.0408,48.9445,13.58,72,0,1.07,AZ,1684373936
529,port shepstone,-30.7414,30.455,18.79,78,97,1.99,ZA,1684373936
530,cannonvale,-20.2833,148.7,21.66,46,19,5.23,AU,1684373937
531,monywa,22.1167,95.1333,29.67,65,0,2.23,MM,1684373937
532,bengkulu,-3.8004,102.2655,26.51,79,96,0.92,ID,1684373937
533,luganville,-15.5333,167.1667,29.85,70,22,2.8,VU,1684373937
534,tocancipa,4.9653,-73.913,13.9,82,100,1.51,CO,1684373937
535,shingu,33.7333,135.9833,25.84,48,100,5.04,JP,1684373938
536,la mira,18.035,-102.3266,27.11,73,5,2.23,MX,1684373443
537,bandon,51.7469,-8.7425,8.77,92,97,1.66,IE,1684373938
538,kilindoni,-7.9139,39.6668,26.63,71,30,5.82,TZ,1684373938
539,phalaborwa,-23.943,31.1411,20.74,53,100,2.61,ZA,1684373938
540,kalkaman,51.9525,76.0211,7.83,43,100,6.62,KZ,1684373938
541,mala,-12.6581,-76.6308,21.16,83,64,3.84,PE,1684373617
542,arkhangel'sk,64.5401,40.5433,14.4,76,100,1.89,RU,1684373939
543,vila velha,-20.3297,-40.2925,21.97,80,40,5.66,BR,1684373939
544,wynyard,-41.0,145.7167,13.32,61,62,2.94,AU,1684373939
545,kiruna,67.8557,20.2251,0.51,86,100,6.17,SE,1684373939
546,tabuk,17.4189,121.4443,31.7,62,98,1.39,PH,1684373939
547,port-gentil,-0.7193,8.7815,26.88,85,100,5.2,GA,1684373939
548,onega,63.9061,38.1404,12.94,80,100,3.23,RU,1684373939
549,wainwright,52.839,-110.8572,10.23,58,64,4.91,CA,1684373940
550,porto novo,6.4965,2.6036,28.9,83,100,2.4,BJ,1684373940
551,al jawf,29.5,38.75,23.2,26,0,3.73,SA,1684373940
552,susice,49.2311,13.5202,6.55,86,66,0.28,CZ,1684373940
553,burang,30.25,81.1667,1.68,75,84,1.26,CN,1684373940
554,bambari,5.768,20.6757,21.42,90,100,1.15,CF,1684373940
555,argo,37.6333,22.7333,16.55,77,0,2.43,GR,1684373941
556,el porvenir,13.7617,-87.3458,27.63,79,49,1.12,HN,1684373941
557,anna regina,7.2644,-58.5077,26.01,83,29,3.53,GY,1684373941
558,narasannapeta,18.4167,84.05,30.85,73,27,5.54,IN,1684373941
559,luwuk,-0.9516,122.7875,28.95,75,90,2.37,ID,1684373941
560,ciudad madero,22.2667,-97.8333,27.11,78,40,4.62,MX,1684373942
561,cooper's town,26.8667,-77.5167,26.4,74,97,1.79,BS,1684373942
562,hobyo,5.3505,48.5268,27.17,86,8,8.01,SO,1684373942
563,q'vareli,41.9549,45.8172,10.72,92,76,0.92,GE,1684373942
564,sitangkai,4.6628,119.3928,29.27,68,62,1.79,PH,1684373942
565,nishinoomote,30.7333,131.0,22.31,88,75,6.69,JP,1684373942
566,victorica,-36.2151,-65.4359,12.94,70,96,3.39,AR,1684373943
567,messaad,34.1543,3.5031,13.92,88,39,7.43,DZ,1684373943
568,nasir,15.5894,32.5634,32.22,12,0,0.45,SD,1684373943
569,ha'il,27.5219,41.6907,25.01,33,0,2.06,SA,1684373943
570,mayya,61.7333,130.2811,10.18,51,100,4.21,RU,1684373944
571,robertson,36.5167,-86.8667,22.83,75,0,0.0,US,1684373944
572,skovorodino,53.9833,123.9167,15.65,26,52,0.73,RU,1684373944
573,tevriz,57.509,72.4042,7.53,48,0,2.22,RU,1684373944
574,pointe-noire,-4.7761,11.8635,24.65,93,100,2.21,CG,1684373944
575,saint-joseph,-21.3667,55.6167,23.59,81,3,1.42,RE,1684373945
576,kalaleh,37.3807,55.4916,15.4,76,86,1.09,IR,1684373945
577,simanggang,1.2472,111.4528,27.99,89,20,0.0,MY,1684373945
578,belmonte,-15.8631,-38.8828,23.75,79,98,4.13,BR,1684373945
579,eberswalde,52.8349,13.8195,9.01,68,100,2.2,DE,1684373946
580,vondrozo,-22.8167,47.2833,17.36,98,76,0.22,MG,1684373946
581,lauro de freitas,-12.8944,-38.3272,28.01,74,40,3.09,BR,1684373946
582,balasore,21.4942,86.9317,30.91,72,33,4.7,IN,1684373946
583,griffith,41.5284,-87.4237,11.81,76,0,4.12,US,1684373946
584,vernon,50.2581,-119.2691,28.75,32,27,0.51,CA,1684373947
585,bogorodskoye,56.55,37.8833,11.4,86,99,2.81,RU,1684373947
586,bubaque,11.2833,-15.8333,26.82,73,99,4.78,GW,1684373947
587,shkurinskaya,46.5858,39.3599,10.71,86,0,3.81,RU,1684373947
